"PC1","PC2","PC3","PC4","PC5","PC6","PC7","PC8","PC9","PC10","PC11","PC12","PC13","PC14","PC15","PC16","PC17","PC18","PC19","PC20","Yield"
1.84288686151184,0.364275467016011,2.54536310964273,0.88396358700695,2.04220732983237,2.35457383216292,0.102924695910456,-1.16412134696558,-2.18366175548031,-2.28798472734725,1.62297760671854,0.0842754664998221,2.62674825160611,1.04109437322327,0.783481932266508,1.43534135181376,0.848728148417931,-1.22581532401332,-0.853082734731683,-0.710737496133853,"Low yield"
-6.27448454763752,0.226709895215852,0.417797775069127,-0.543920145778158,0.833375011536092,3.2699454068603,0.296696041835466,0.524532918105803,-1.32367673112649,1.28279603198082,1.32906983612862,-3.97044336200454,-2.05607024068595,1.3700703283837,2.21607486830717,-3.44245648222467,-1.45069050700385,1.78770150896453,-0.210975115837988,0.680195561593968,"High yield"
-6.29602866231849,1.64258098532926,0.778752456888189,-0.310197049201915,1.90990103266946,1.85911886879549,2.53210841320557,-0.859176051722294,-0.629551443188783,-1.37992646256973,-0.250757952733401,-3.27501834045394,-2.03647402536367,1.09017145143743,1.95254385965567,-2.43408981190842,-0.723114476067907,2.60910780776603,0.979185807609458,0.282317259177404,"High yield"
-6.84742546679747,1.19204121459047,0.563384598494892,0.105204280978714,1.73205619132391,1.63833744993592,0.360946355835981,1.23136096793365,-1.26553850985627,-1.78182266625885,-0.183141443878235,-2.96191301281984,-0.811799152513256,1.51326607980397,1.8102522668628,-2.64076447629803,-0.893565555163402,1.78126293861537,-0.673354375014798,0.781525183791753,"High yield"
-5.95247597373242,1.50672678525664,1.30183878225462,1.48270711810026,-1.04649946485467,0.656217815343727,0.975090069525148,-0.360801029138868,-3.36874036105436,-2.66382393100908,-1.12721982414294,0.543914527746649,1.32314361880157,-1.36606833249173,0.183798447106372,-0.204391706897817,1.6202030146679,1.09451514020581,2.13976955349131,0.475192280518078,"High yield"
-5.31910801504874,0.184192157794293,1.22101814754678,1.51960593300897,-0.732388311360076,2.26128507813541,1.02753145349864,-1.93758722184247,-2.57125931591449,-3.03556714698302,-0.321592062236094,0.822905418285283,0.658269370956742,0.738875149341122,1.95401293884459,0.854208844159108,0.565470187924778,-1.18375048854197,0.688362745619373,-0.0972723701198673,"High yield"
-4.25337983608723,-2.8549360541131,-2.60246726568842,-3.09982319589137,0.951558693369255,0.195376065917208,-1.88809119688964,-1.00199785830184,1.33483739619231,-0.806621396529136,2.09615877662582,0.912719309135471,-1.67941371646654,-1.7936514705667,2.16116439176144,0.151053492628944,0.974285822760222,0.325541450894822,-0.214878028486912,0.492422723532693,"High yield"
-5.62922137138601,-1.71791322914276,-1.52787029412213,-1.2929413911244,-1.54337763896894,0.911830113750258,-1.25889408542771,-1.90258945911441,1.02153033324727,-0.829777073597475,0.384449993521477,0.0749998494039803,-1.02537130294227,-1.41001600490105,1.15628272047723,-0.196367402253064,1.06180901286445,-0.603908064561301,-0.00360453140568601,0.544630953061212,"High yield"
-5.47672299860148,-0.925762793265783,-0.2423804813163,-0.512892365820083,-1.75557261118672,1.38292738924063,-1.80042750824009,-0.347779988218038,1.73760146602417,-0.999448857291188,0.187371090750494,-0.0486659816509575,-0.0605693638804217,-0.302039324492578,0.179314803953033,-0.0189188995215815,0.0458240518942099,-0.305519449356138,-0.672846213461642,-0.0476688419064699,"High yield"
-5.62631122295795,-0.279754293979367,0.108270715050615,-0.297757312488488,0.336519946968692,0.470213986862922,-2.54598742847678,0.229088002498196,2.23456971691742,-0.58377710831665,1.07648993225983,0.634131032700907,-0.804731800235232,-0.649663153406729,0.605166536848012,0.118877037510716,-0.315147911641362,-0.468029732692898,-1.123919632919,0.44762153359542,"High yield"
-3.62519732193626,0.431564331925135,1.77035275185453,1.9338169378086,0.69276568655872,0.873499739083333,-1.05139955145305,1.01705505012417,-0.849957142996507,-1.82900898292786,-0.282422302826844,-0.134905671697805,0.0891314688777075,0.431511887118346,0.858329414231273,-0.7922985671058,-0.361021699485021,-0.348142447208182,-0.777176578242202,1.04337161515512,"High yield"
-3.8256721043463,1.38355575670567,1.92172501546471,1.23952180854221,-0.243846971305362,0.820539292694776,0.989708906834593,-1.6406319663993,-2.02998297101435,-2.24147910111902,-0.945397857260925,0.703482994763131,0.0171114533792867,0.112453748923095,0.953839979935525,-0.900982571114645,0.369139273609025,-0.338700925593286,-0.0149899271275531,0.649809550140366,"High yield"
-3.78946287602096,0.275390243856822,1.27681664047871,0.699620653247889,-0.302621534568216,1.03019210386774,-1.86418527632699,0.491999450917468,-1.00288766533387,-2.36648371051672,0.971876525299114,1.13359519811011,0.134715897846961,1.0730002228367,0.96544458284778,-0.104627317825746,0.840132227321477,0.744105792434034,-1.09844816224934,0.176451903183782,"High yield"
-6.22059476496419,0.76754778605374,0.900882562819907,1.21894336642524,-0.296787462247124,0.387450987023883,-0.626800991391626,-3.30929871619828,2.15603605712336,0.468287298713032,0.537998527246277,1.58423484779723,1.23038991017185,-0.502564583171959,1.72662093635589,0.10428887129298,0.513151974410434,0.235626700131201,-1.0712749868019,0.510658571993678,"High yield"
-4.24354760760771,0.0247668229454719,0.887927323201865,0.515512568364165,-0.955229254730746,2.75353259519228,-3.32434547191355,0.678378234346446,0.742869865087324,-0.557535993357932,-2.55451404976454,1.14273530582608,0.447969394599351,0.4297594923606,0.0122826286210072,0.024786459504407,-0.0870313696726081,0.687997136928872,1.83173437271147,-0.355899791638311,"High yield"
-4.32587186996806,0.788103065526202,1.26465675816403,-0.661052824664678,-0.448105637400568,3.69814856713003,-2.06738191570477,0.0528878032896439,-1.08902578642925,2.32907514651975,0.263653171932251,0.653547403869987,1.51161926281532,-0.895206883548686,0.196375879459676,0.0505873956442573,-0.90791658390196,1.31632404225839,-0.142009958846035,-0.949242233070326,"High yield"
-5.24279535267005,0.719896395667491,1.97609780072686,1.84840279138511,0.0663056996948429,2.20681128007233,-1.09810209451541,-0.299690624324975,1.00530404178468,-1.8431521105214,0.999264227998564,-0.9966123681986,0.123666527084009,0.696707409727314,0.432309340142683,0.321852864227714,0.688433413664107,-0.51604226638958,-1.01664077490636,-0.868862408446798,"High yield"
-4.6757519520428,-0.396015334599651,0.807196388157138,0.678376318975557,-0.473274339288837,2.39890417383843,-1.6771299873915,-1.00093097993647,2.90114396697592,-0.457522487001037,0.425013871186407,-0.954709283090073,0.0710705962384699,0.335186857696749,0.131197308140529,0.760350885658955,0.226923745264982,-1.43044065067355,-0.790355271570588,-1.07176835631303,"High yield"
-5.13170893702218,0.659072911091827,1.98551956949373,2.01462282735136,-0.984439215578707,2.6874994202395,-0.496341858272876,-3.66548513846138,2.89839513481689,0.504884439364724,-0.655862725959974,0.323605322196788,0.990091922404353,1.77518983609817,-0.699415975958948,0.464008986722187,1.35893602912871,-1.85319064634365,0.214133601803794,0.0513578627046778,"Low yield"
-5.44211155799101,-0.67576451709844,1.31015069777608,3.00102254177774,-1.06405102557125,3.50652484415331,-2.36785275866996,-1.02740948677529,3.06597152457772,0.193051903137301,-1.31426077444326,-0.726437866353068,2.24918819485367,-0.216367161349475,-0.127299025272851,1.01025202140841,1.0604420512407,-0.395199052864962,1.54866091051533,-1.53881387245747,"Low yield"
-5.3693333180801,0.214151313035649,1.59811592050554,1.39405012403829,-1.78205930040825,4.14351199822281,-0.615381224548915,-2.78454816708035,0.461594854752806,3.40691073749454,0.0465192483189353,-0.275473454461714,2.03777912224572,-0.278769635880901,0.11572984672213,0.153652033510062,0.0775750260223977,-1.26154920978495,1.06994226754359,-0.322902378150183,"High yield"
-6.43430953227412,0.478680013288457,-2.07259162182388,-3.6840691001918,3.52530550965852,-9.60648238782776,-10.9539523401682,-7.97710638986527,-5.65311700217982,1.48970742519634,-3.47795641977081,-3.92320135035179,0.814803801616964,2.05224583450186,-1.04133301477031,1.96199511652387,-1.1114989934457,0.411976930036934,-0.00507686990979998,-0.603956051119245,"High yield"
-2.7366391858777,1.27290368494594,0.522960085401961,-2.18810384486862,5.28115802346408,-1.48870720282133,-4.48351537910274,1.3325459520143,1.36047065033004,-0.109006227487828,2.08441854061823,6.98995819523874,1.20173019648663,0.196388226893347,-1.67554745488641,-8.45909272733501,-0.008111832675242,-1.99132201248115,2.57785967761908,-2.65738531911967,"High yield"
-2.24325616010501,-0.998046586690843,-0.224242796631528,0.233132045290414,1.71130823792691,0.240716082553273,-3.09607534112604,1.11798985598908,-1.19596572099078,-1.91518666224507,0.590796077675179,0.316803666870447,-1.12318126764673,-0.733911821690367,2.21769398157758,-0.103635365637748,0.845610850702949,-2.27653469543646,0.316300311914302,0.432505338112427,"High yield"
-6.02003939409094,0.0739005657178978,-0.319103550631661,-1.0207911717003,4.7163619336792,1.41056724705696,0.347462321945744,-2.78875100809395,1.12481053393049,-0.156947204706376,0.457178887130654,1.94157504489299,-0.392421788663706,-2.24561503586375,-0.717872342006698,-0.380378462458698,-0.9901245157758,1.63241936173285,-2.07600275285147,1.74906993960267,"High yield"
0.194417422808848,3.49883162154052,3.9261334986184,2.72851302850672,7.32723130201785,0.501076943114905,1.20328559548722,-0.833140141403086,-0.173170740156312,0.345658401124489,0.449505438048757,0.891313680012035,-2.10015866424202,-0.133053621213601,-0.545830005900927,1.97419286669602,0.275514965726376,-1.01171752010047,-0.647876673705343,-0.541830719801107,"Low yield"
0.809455516483953,3.92934414204543,4.74963306701016,3.75642676632476,6.74660834085519,0.844130639091808,0.610227199630862,0.0464753507639823,-0.966397839093147,-0.402332923655412,0.751079771180179,0.0678862370002675,-0.221808532937011,0.734702140449744,0.170201859945088,1.03536547107526,0.955780021566492,-0.252471878556957,-1.61984515143457,-0.721016838018645,"Low yield"
0.542158974459117,4.0085989172653,4.8579867516428,3.57859017777359,4.71668342486437,1.82064385016932,1.90874575761285,-1.70552539265554,0.339585362666377,0.208552230907853,-0.783956063320797,-0.899670377493374,-0.533390482681081,2.28693671502481,-1.12249781440135,-0.0511854708142742,-0.302631021420209,-0.46523560212686,-0.423542013986592,0.0177464067770409,"Low yield"
-4.76741753198309,4.64477806173633,4.32870385648678,3.95553554877883,-1.2792487569323,2.42915981612288,-0.846395817173367,2.48481632979528,-0.519135403354937,4.06010316821618,-1.90309450712571,-1.50797831237873,-0.983741781643846,0.802086911871498,-2.22998003167525,-0.413209244547317,-0.953971356554002,-1.33007751827782,-0.130286793587327,0.139938190330438,"Low yield"
-3.02850016037241,1.64668395949453,0.113510846473967,-0.490151181047489,0.572277934482672,0.768847410295904,0.919031725353608,-0.323273864031612,0.979674946797734,1.50649415866595,-2.61076950164765,1.59439006167214,-2.82480500535476,0.775894236309008,-1.22824959408045,0.90208571199101,-0.334499192765009,0.64946058968202,1.11003169080696,-0.179366281071483,"Low yield"
-3.56125581535564,0.786140608985576,0.355402666735926,0.639969187148008,-0.179952621292645,0.704919568244698,-1.64237507732784,2.24613113370873,0.769414947155402,0.121834894438292,-1.04592435543031,0.531630367121028,-2.33775585215529,0.210959632435762,-0.00671409498453196,0.955739912951614,-0.394228483023561,0.933073753206694,0.742188307291021,0.0982525272756138,"High yield"
-3.70595560546041,-0.587282730411126,-1.44469640846357,-1.58096748993071,1.61556104016485,0.608629823004769,0.160911650607309,-0.881497769010799,-0.163228942600654,-0.121393256717058,-0.385832026278144,2.09609518873432,-1.7505416404021,-1.09898198210173,0.626383998098527,0.909941627551396,0.137065058811569,1.09907835997313,0.521807367406877,0.603647720755975,"High yield"
-3.75657692767671,-1.30855379285681,-1.58636794339791,-1.83384422569078,-0.839412537698335,2.42412407365756,-2.20739536790301,1.96306083813173,-1.54884196012571,1.28366121909667,0.10245823488686,0.97524589225226,-0.749201532861673,-1.16065746092502,0.309721910838177,0.695123347007791,-0.474032810705691,1.50898075814102,0.0388895639827843,-0.908273049564563,"High yield"
-2.45746425941516,0.34433932054644,-0.68144385461174,-1.7747202097834,-0.526236076727402,1.48960451079484,-0.563027087097112,-0.223260366105029,-0.069899746986156,3.86348299999338,-1.70663969086488,0.767883006628073,-2.25900400029021,-1.26195932574552,-1.26340125933482,-0.0119181381345871,-0.43262759376411,0.146308860005115,1.19255246133043,0.60797686637718,"Low yield"
-2.18560921606767,0.0988320386042436,0.906670143062293,-0.00308268922454654,0.680160811160244,2.89894907405878,-1.3805428818006,0.611680447358691,1.3991273368158,-0.320664614412949,-1.37002810025177,0.149394343900778,-1.80016360718426,-0.154028449499066,-2.63280618028672,1.06514718542238,-0.832716544015406,-0.0875271189551899,-1.16339894143497,1.09713840532825,"Low yield"
-0.563037376305641,-1.47631211078777,-0.386055811658499,-1.39505953050845,-1.10394676369765,1.85084271675196,-1.70113627076362,1.62068398248147,-2.19946300006087,2.34561036200046,2.0323033180458,-0.133841688569579,-0.102414938464411,0.103971712404837,-1.08287290801225,0.546788241050435,2.14802049046816,-1.06381211759178,0.000685320793449023,0.394409437418377,"High yield"
-0.825163706483827,-1.20304490083476,-1.30287561261387,-1.72483171286383,-1.28148645623963,1.32248143350604,1.89984647234476,-0.249083123881148,-1.37950737408382,-1.9204672779794,-0.255621412221979,0.318748881431554,-1.98935661669208,0.450725673818943,-0.714710041781961,1.58487861416645,0.0965363186385953,0.00910125737098299,0.795288931496003,-1.31708034056327,"High yield"
-1.35108807397605,-1.69317124137381,-1.74335808707854,-1.67396467902578,-0.110148884184624,0.806752493180337,-0.0862900492956464,2.62973229995467,-1.81472407299348,-1.97055550350832,0.112739034867166,0.681859786698092,-0.87980433604775,0.145868189156265,-0.737235295621669,1.78342553877305,-0.26957843676815,0.145134268500646,-0.536767344981137,-0.702945514873759,"High yield"
-1.13849940660221,-0.818049334622037,-1.02180494723791,-2.03483005651824,-1.22232266108166,1.49589880966224,2.09923365122068,-1.06795226809423,-4.21533157613204,1.87861437697085,1.65149458564343,2.0301187725946,-0.180768964180828,0.978263488180719,-0.846598297290706,1.3937115759403,0.818681760125098,0.158602132401196,-0.210802048557091,-0.567888346306669,"High yield"
-0.699527197055814,-1.50381641531872,-1.42998193868368,-2.37691969162011,0.673676337111356,0.964769130941561,0.894680521503981,1.06870610512197,-1.4049259455918,-1.47998149086167,0.00141802193073129,1.15777665510329,-0.210837872268645,-0.17127996265563,-0.0731864132771311,2.04001534078825,0.93267859968698,0.367972927858408,0.384136016173993,-0.920853688045885,"High yield"
-1.49622120291101,-0.764981218255705,-2.21696054986118,-1.98719833636785,-0.504111627726929,0.891985447941372,2.00865358198825,-0.811649755399014,-1.00595453813885,-0.695950761547759,-0.913115053092211,1.27887068810941,-0.346632620794591,-0.377689208923748,-0.418382755510821,1.55773855408477,1.01473184301937,0.298756156490823,0.726721779249184,-0.456036456595668,"High yield"
0.203115427413032,-1.96149736328447,-3.10817714726606,-4.55656476594102,0.565549028557079,-0.894958698187419,0.731257542168011,1.46379517910793,2.36261208230385,0.376662298977776,0.467867977955091,-1.33996251629058,-2.85268969593522,-0.302813174368968,-0.583192723890276,0.597965400464098,-0.735127342458159,-1.58949025942854,-1.33034040060805,-1.73778651421024,"High yield"
-1.82295069087421,0.933627361289949,0.130584198628396,-1.34843907884143,-2.56527460485652,-0.343490338078381,1.49027777726943,1.62999726743654,-2.16521474782772,1.17724081434386,0.560692630240372,-0.957347389465744,-1.02976183397948,1.22880895182316,-0.634392780955616,-0.643093029423016,0.456781595025855,-2.27162980010353,-0.071160082710251,1.02982485013194,"High yield"
-0.852970788749399,-0.623843079132932,-1.30590303011294,-2.33087439646805,-1.13901838274741,-1.23836707647557,1.19952723335997,0.716260186110055,0.713086928373154,-0.148984549674281,0.0942041906308558,0.170605506975449,-0.849522803080796,0.761798779894557,-0.126267817892745,-0.116472722501763,-0.1282996692092,-1.00434291160287,-0.241555735385522,1.0318987573299,"High yield"
-2.96629829225911,-0.128120299603359,-1.0069906552686,-0.879895276357063,-1.24406151024121,-1.06155238122384,2.15439317125087,-0.032159349574138,-0.792085230398002,-0.155945110363497,-1.06365395337122,1.25294317832949,-0.483537487257939,-0.446786750579697,-0.272263803395437,0.570556461770805,0.478635140654827,-1.16051835378269,1.34554227822722,2.28079167147678,"High yield"
-2.74952597551886,0.348675243241719,-0.867369112701383,-1.07334361554278,-2.29409752452995,-0.835328817838663,0.892297497699784,2.45978015251806,-0.711548032389649,-1.1494982046764,-1.2914817198576,0.180035596010366,0.152389465771163,0.270280217679469,-1.65757027162958,0.228702992032746,-0.00333178574664032,-1.20679541042291,-0.976752837664948,-0.460888049468011,"High yield"
-3.32439765320812,0.15141250536794,-2.5517051829903,-3.68288833397616,-0.673788387717261,-2.0323273269352,1.98788095599486,-0.100838678939512,-2.23194099635238,-1.45610632858885,-2.01675161210242,0.226667544192625,-1.37629042316973,-1.64825083355385,-0.266431806620972,-1.22704655133417,-1.81139942997585,-4.03957397443573,-1.4580096112316,0.738699318383203,"High yield"
-3.65057501137976,-0.913788754451294,-1.00178019184428,-1.326552258711,-3.75452147300529,0.245774138805671,-1.00517623488758,2.04673385759946,-2.24093807254444,0.427808913283207,1.94999990861534,1.04741792365006,0.501934456053188,2.10246058016271,-0.689079489357671,0.0107588946120603,-0.0505795800113414,-0.782398509230657,-0.846310709785186,1.48797468814132,"High yield"
-6.39320793138445,-0.337060170149591,-1.8205260360301,-2.10009131581285,-1.86621278251803,0.0315674696859108,1.16352025606364,0.230119425961865,-1.06811170408955,-1.36645762416594,-0.437124009297964,2.05667032594532,0.621665137726226,0.22226860115357,-0.984679830700745,0.933332107567088,0.400745921921479,-0.0267992945114567,-1.14807681186006,0.319173662710092,"High yield"
-2.19569470153739,1.32363792263321,-0.48891467044808,-1.4047524260857,0.133291352195006,-1.18960665925179,2.68804545965082,0.271614154046326,-1.98318673496834,-1.29210435405731,-0.334417954358203,0.6580806986243,0.553612855000176,-0.0858452761378255,-0.32881759772105,0.119961854350747,-0.251305501955505,0.598462128945247,-0.702508141633775,-0.537492431393367,"Low yield"
-2.14274348067621,0.420172960815107,-0.589347320412485,-1.79462330691698,-0.706242222484424,0.125131584943244,1.85416970108368,1.86984389385104,-0.80591512330677,-1.62250825980546,-0.106177342047558,0.0508828706369297,2.20362324720665,1.71584773734824,-1.16528277342949,0.308752351550733,-1.72621606948109,1.09221672265002,-0.509327499512637,-0.422944938146345,"High yield"
-0.905001671082464,-0.0909619566826397,-1.36045864280434,-2.78944843567367,-3.29453680910634,1.28655867161785,1.73557579279247,-0.984752225398232,-2.66213526415473,2.2201978418991,0.467566341223998,0.00660009502931873,1.58580302883888,-0.168271938688227,-0.373072629881756,-0.574680469753208,-0.378502355914841,1.64141009218412,-0.806834842474432,-2.20173263616497,"High yield"
-3.98263311749089,-0.438830001125066,-0.604243857390444,-0.981598101719232,-1.24848404933835,0.132369745620592,-0.183307561111935,1.87128122556792,0.741494983566603,-1.29806333112295,1.09159218600851,-0.468750897063124,-0.653655104146222,0.517900702270695,-2.28983067419886,0.569320014639283,0.0828242561843845,0.43883809557714,-0.628779433850119,0.533638901152536,"High yield"
-0.805802855548985,-1.26780143666121,-1.79040257260345,-2.5734044814312,-2.31680888203271,-0.2259372457351,0.222863582835203,0.47768374601292,1.04117543035526,-0.719451959493224,0.863207623651503,-1.89184670978426,-0.154550671612123,1.69561715398031,-2.00949656875047,-1.03197406932913,0.60375280576313,1.18662913622859,0.225201389774804,-0.638309834137487,"High yield"
-2.17952104655913,1.1251994239721,0.00598697095998995,-0.844986614082109,-0.935505477760948,-1.77939344471007,1.55733582946335,1.6338976840794,-1.32771649222887,-1.59305425047417,0.688648122927766,-0.617917331609658,0.613526356290219,-0.17835947189291,-0.848887851746178,-0.398021600524181,0.938690628056427,0.621335628634468,0.713350687545224,0.364173013483082,"Low yield"
-1.36368313391323,1.34167389917134,-0.012179781771338,-1.78307940054656,-0.485379608801499,-1.39934635459973,1.65238992590811,-0.797785096290225,-0.104518158532038,-0.254146816640372,0.175678006058578,-0.0482452810459984,0.661131708235293,1.77070473417081,-2.14184371982996,-1.26164174934204,1.5066690107096,0.474760970218132,-0.381562648693124,0.076095686599186,"Low yield"
-0.409119158558291,-0.127174342843827,-1.27421678462588,-3.26302755420755,1.37141011232644,-0.15648518889147,-0.174370512701072,2.96875407312271,-1.69217775942772,3.2947023097032,1.60841310116774,-0.884522335538239,1.81283601315815,-2.86767671317554,-0.664983653539329,0.232877391132652,0.437669802290096,0.232768987961187,-0.0984982486206889,-0.509814682104711,"Low yield"
-0.0251955621559741,-0.206370409835202,-1.65166770774338,-3.85221968192008,0.429488436188158,-1.42766900570235,0.871982793352354,-0.84446779047838,0.0109174946615307,0.259011497972457,-0.246560485355319,0.834918827840882,1.05234464499379,-1.01013076348125,-1.25890981734449,-0.853586475365838,1.28759399562861,0.286930479409634,-1.23404734898438,0.825173758109244,"High yield"
-1.45309330906226,-2.0105939189859,-2.58363695794038,-5.33700850126275,1.65555934422,0.426902920317257,0.967782311338831,0.795277333196979,3.00627470135803,-0.898863408312697,4.78008293491204,-0.992396345998735,4.47036342044932,5.20864368295201,1.02087463947905,2.9838039218194,-4.60607805305461,-1.96820293009166,4.09228406568194,1.09601075907045,"High yield"
-1.57466603762577,1.08880697511152,-0.844623926272325,-2.05292700632873,0.0868347133636519,-2.07237327120275,1.1036750700574,0.687291137913888,1.44973906863921,0.935622565526051,0.109659395320781,0.318177647974896,-0.275209198035617,0.474463790650214,1.16245113825906,-0.0249502862408586,-0.866830075537978,0.73671293373716,0.231999924578526,-0.19150730067039,"High yield"
-1.10693464523394,0.998588551713398,-0.311631738342779,-2.31531619481706,-0.03135415073384,-0.0173672379263232,2.15966095137207,-0.652198545207978,-0.152337083167766,3.47225725604742,0.651092822319296,0.599091909707835,-0.0580653641925266,1.42544326690256,0.734159162447901,-0.391722809973631,-1.55120054371587,1.48600270789534,0.621177020144792,1.00057009077381,"High yield"
0.233552773029266,-0.0268298538181644,-1.52918458121006,-3.74742824812487,3.50359469662267,-0.863274876614283,0.497339038528482,3.68601818597286,2.2988672231341,2.46605632133457,-3.54223234176363,-0.351321779610533,2.30136552312293,0.835086234660466,2.49000716924343,0.198814684174554,3.29968186491406,1.10320439677805,-0.581202733118246,0.665604309957709,"Low yield"
0.103203891335125,1.08269319615807,-0.942884690996063,-3.94089893379222,3.2574189302876,-0.83047520464253,2.68893365413644,0.909330101093812,1.68542395042485,2.48881418442604,-4.28316993803775,0.427667734851598,2.21845413179569,1.55063297473333,2.11558964268579,-0.36784166770736,3.4297697034412,0.828893563329778,-0.243779143925416,0.767469681005818,"Low yield"
0.582231074969122,-1.59517658603506,-1.9434657406099,-3.39688079117526,0.688869482591346,-0.0307992871398774,-0.179848615310714,2.92078318794172,2.81852040360038,1.55067948998223,-2.4457739798065,-2.73501995867087,0.396452860081795,2.08736253757802,1.03626088208079,-0.333687379958644,5.60276179460945,0.1382496514719,-0.12251582884724,-0.640190789844808,"Low yield"
0.194713858702328,-2.06714561419094,-2.2147766618026,-3.89554017433169,3.31051343890755,0.375162588335291,0.636822168917328,0.440668357147466,-0.280142627152377,-1.19875768377823,0.808219752494824,-0.617264390755493,-0.751971764608467,-1.15818030257136,0.129546268126987,0.203823919716244,0.199737759112824,-0.564308829108247,0.0793988083954213,-0.257373580076956,"High yield"
0.101945331600114,-1.85163060163254,-1.94216851728995,-3.79304271046633,2.47600785454611,0.596526185756056,1.17452945721421,0.12514308514831,-0.654933629181248,-1.63108685678764,0.213438423014148,-0.90439620830759,-0.242452804988308,-0.538571142324341,0.384417925066988,-0.228786502730429,-0.822736258281637,-1.32213264065486,-0.507997049042101,-0.555623448398391,"High yield"
0.751399627492591,-2.17610358796379,-2.25502191207861,-4.23889963244183,2.02132493767575,1.07954527275214,2.0643339451006,-1.37008139365081,-0.126156407644801,-0.990978380026361,-0.436400155043306,-0.555527885730929,0.145888668048292,-0.330146385848221,-0.298727683489335,-0.28297112750968,-0.226317094970166,-0.70201171264869,0.165725525652398,-0.690573847293113,"High yield"
-0.338579390154567,0.152668886339803,-0.738779232365935,-2.29146276414256,0.966808641189306,0.156640653679965,2.35664109475906,-0.308580761607228,-1.10601432846369,-0.667376936740219,-1.59515157561821,0.337704873776009,1.2057851026908,-0.545576305786702,-1.16652907666019,0.416333927810183,0.633133365502767,-0.797782904612811,-0.0342436328823171,-0.905987438101972,"High yield"
0.855116298065234,0.884239543018706,0.312137808726123,-1.33341617165553,1.98495309768428,-1.00580656156098,-0.280670259762432,1.39030411866435,1.33093858956316,-0.163523295833017,0.694846571618205,-1.90214533319812,-0.806067427032963,0.0592053462686543,-0.88767789024124,-0.485704568623249,0.0788680669531512,-1.66850188240737,-0.631549093663199,-0.367820479555415,"Low yield"
0.197721770819941,2.20824453552102,1.47443009770549,-0.32430328111616,1.47454321837734,0.0252041749057987,1.04429439608493,1.68696424061122,-1.38170278409863,1.9120181093438,0.964461180623669,-1.99791378820994,0.386062597978272,-0.410635602112162,-1.13188068107649,-0.0373193074786343,0.510941294511038,-1.38675931526044,0.781257108649213,-0.340928278523652,"Low yield"
0.201550479671067,2.38942524158724,1.31975408739653,-0.135192993308874,1.50089705369379,-0.727763876005274,1.37372408664428,1.33410717651206,-0.258189125081576,-0.819847205755616,-1.04556407052596,-2.47778289573608,0.287190099122973,-1.24801234080799,-0.351338682549295,-0.344071050987644,-0.0316657161679922,-1.99006148677765,1.2441434659905,-0.978323697151114,"Low yield"
0.013877080422542,-0.24317741791806,0.127989992762918,-1.22597176256223,1.56463038841351,1.22157310205058,0.255858537244471,1.65012636470339,-0.998751619502333,-1.90800381544315,-0.832975870953234,-1.12967674361547,1.6023433692416,-0.24827007617447,-1.13127193307626,-0.745470519435403,-0.111786897900798,0.15811168388879,-0.938481424969826,-0.440392670896438,"Low yield"
0.438379910668839,-1.25373726322744,-0.880284596674515,-1.84610642091687,1.13255691620237,1.22976027054907,1.68667668798999,-1.23649193262506,-0.46712202640623,-0.974679866094855,-1.60879043329902,-0.742729045943159,1.11142058070061,-1.52986028440124,-0.632546534828287,-0.828395496982493,-0.486981186685141,0.346183337905858,0.947258547489755,0.395365238431308,"High yield"
-1.09071810204317,1.32523632859391,0.608605861421282,-0.0404925805179936,-2.10323033855699,-0.803713386422133,-0.406055962105186,1.71550672758694,0.597612644062072,2.59959188158471,1.43696054356809,-0.245670961402202,-0.72976614238146,0.497855923380695,0.563898784621947,0.251472937778733,-0.455354300752201,-0.140511626953957,0.16065228905474,-0.448705444070972,"Low yield"
-0.974373523362477,1.20288258873922,0.376580378421479,1.0091491536628,-1.51729229062075,-1.81051143101823,-0.165842950352281,1.63090880750339,1.54875537360933,0.807141184450664,-0.82614756095627,-0.581075988739136,-0.847808059205389,0.684414961820429,0.109214868503982,-0.337193775765367,-0.857360665775095,-0.66894754715881,0.213709098999631,1.23923938446154,"Low yield"
-1.13931883428967,1.72603236141107,0.37950339888116,0.217774296183156,-0.748279178965684,-2.06790031169701,1.01694253636726,0.713431067207799,1.23066760458331,0.706209791062409,-0.452350511626267,0.327966672713522,-0.144346084397416,-0.0754914747273209,0.82949862173983,0.5444934025586,-0.6112804586778,-0.1530858528964,0.835417198081576,0.203358349545461,"Low yield"
0.0729079691531597,0.611796639590573,-0.582561640893109,-1.75079244342303,-0.154913903118259,-0.882170331091687,1.33294915162152,-1.01494899919201,1.69638487657007,0.735643645540017,-1.27617340402192,0.425040010980655,-1.05781869217461,-0.833052096045983,0.788379998497798,-0.17274104603492,-1.84950506344791,-0.310424540482869,0.350984090399106,0.443713757558488,"Low yield"
0.867020178045332,0.853089666587383,1.4291216177903,0.93411988335396,0.197715741720084,0.682163208727768,-0.0951377469173192,1.51104218323862,-0.987920375354424,-1.78956787829794,-0.527131058847851,0.632040244415437,1.25903052736073,0.895361326267618,0.454930276072077,0.385631063474103,-1.7963648251705,0.509173559406169,-1.18725520119341,-0.0377848057629876,"Low yield"
-1.00779611813109,0.340428971496221,-0.0769523107967976,-0.347746233653111,-0.627509310012272,-1.38813699450847,-0.626451676995008,0.606108568180265,2.78630717684303,0.095497129889469,1.88218072354443,-1.01512154309784,-0.508995871547869,-0.469698769307719,-0.494002203467867,0.296771248077007,0.376099082448359,0.24224175494174,-0.251524882129334,-0.373077378354839,"High yield"
-0.438640825209821,0.559504075016902,0.300017501184506,0.174673346004475,-2.28699503560144,-0.793433297178043,0.726705657865439,-0.270170189968251,2.74831406830146,0.404403347630894,0.0533328020669655,-2.14130919518449,-0.559111007549293,1.07133859030189,-1.97883634314317,-0.837183278014997,0.0395681327111198,-0.561151989572761,-0.5633765474776,-0.226285296125873,"Low yield"
-1.74225354142887,1.88345355018365,1.03592972395336,1.42838121093226,-0.493435014313895,-2.49512524551683,1.03221419337769,0.0219477337800408,0.51293169596649,-0.00608500380358159,0.757536233514431,-0.251950628795373,0.836030295190995,-0.661531524468403,-0.349408220661988,0.091148981867428,1.2975599203432,-0.474579193065163,-0.113882284456742,0.219805276795983,"Low yield"
-6.70654730051599,2.08203095447937,-0.018435649395915,0.661209254020478,-1.53587399416269,-2.4688843917087,3.32695228336403,-3.48359385817038,4.5587907230139,0.639256660967252,2.09180346919271,-1.60840048740559,1.82066210487876,-3.80840585504174,-1.81989642727402,0.176077731395322,-1.03525837205031,1.12285030135253,-1.79230712326913,-1.76849998807316,"High yield"
-0.826064396365966,1.88419474767114,0.622522101306573,-0.465369057492282,0.22856119919661,-1.76043051080418,1.87650047717971,-1.18501169636124,0.496855200632845,-0.28374773252624,0.539453729009416,0.414605868366869,1.63109919253107,-1.51360575093096,-0.311118170728307,0.260665266876923,-0.304258629345252,0.818287741455691,0.629521599374493,0.257039625420552,"High yield"
-1.48078456704718,-0.106798888794497,0.242614368871168,1.11504096843578,-0.622330492010356,-0.722803303100226,-0.47886152245178,-1.19295971527778,1.52079949722576,-0.792549127369479,2.1902815164446,-1.03763644779448,0.847459232211172,-0.239023793661438,-0.409105045680756,0.350277747281259,1.09546626989815,1.64567868641896,1.98492012012365,-1.80507587143165,"High yield"
-1.46878891524471,1.7688125944892,1.04778948430162,0.848946198824209,0.33500275260208,-2.60235498749461,0.946719168303423,-0.561037330442942,-0.288285229005172,-0.724318005871565,2.00818087462187,-0.102687886313871,0.546919548475812,-0.332562530373722,-0.642285869821746,-0.054542972566796,1.07285202004233,-0.26777893278721,0.00103603507963848,1.46551265583353,"High yield"
1.22347333509123,-0.190463036214227,1.03451732435202,0.0698093756725053,0.586089042550763,0.583750702996576,-0.53634152333126,0.64897863017773,-0.0521280811399093,-1.89494224896815,1.07993828055484,-0.823451623031281,0.858551205273231,-0.439060207182852,-0.705724197720675,0.203955909492233,-0.42535443682072,-0.0461946168562074,-0.950345229963213,0.561921875608381,"Low yield"
1.9211825963258,-0.56132362092729,0.909804742318657,0.153886706954065,-0.096569541802597,1.16924975328625,1.1559089727898,-1.71600013584617,-1.30308713012415,1.2673438187777,1.53338774816345,-0.706750071032071,1.07313112171853,-0.674236206450569,-0.693081902811217,-0.465972110801004,-0.0832490931346757,0.347482741561244,-0.304588387960031,0.662568023974731,"Low yield"
2.01447454719275,-0.63792465514277,0.661387049286573,-0.0701170914684249,0.594469024523325,0.461732642628328,-0.614184387548669,0.322793235416249,0.483395595989734,-1.25502370216076,0.489137310187474,-0.623043926054481,1.64580559237035,-1.27085039041924,-0.622621258796058,0.0268036150696906,-0.531473049325884,0.441756896716389,-0.869853823591824,0.679627127689526,"Low yield"
-0.11249419416477,2.37586912624965,1.32380301386498,1.49325598499094,0.0564170615858551,-2.45660763767218,0.989160653372756,1.05818205692997,0.250058931604467,-0.116738196211903,0.578968902893713,-0.492049837793634,0.00855914315444962,-0.538320018837771,1.5886461832439,0.652736876389035,0.0244443029544326,-0.304173906153426,0.429522090853668,-0.627517976638521,"High yield"
0.437878227200811,1.96789209906384,1.05111463534023,1.16081915402883,0.592275116343886,-2.35911271310761,1.13955188642524,0.0439310391022643,0.826661491522721,0.865615347564466,-0.205338850370253,-0.238392791576244,-0.152079705212581,-0.281933970344842,1.09666218028431,-0.166032387841459,-0.541073264881518,-0.652794305177071,0.059010711757835,1.02262369663099,"Low yield"
0.219599418610337,2.17951851225835,1.31749804196373,0.75381969639078,-0.443961509889883,-1.25655560969901,-0.344975722464954,2.2057991974932,-0.59916314486444,2.44061944181885,1.02061743969993,-0.348656477098258,1.08384807345164,-1.57699277687589,1.4257069826284,0.4071883889774,-0.64398737226792,-0.122034366547442,0.149367535740156,-0.0111268012014603,"High yield"
1.89838001334321,0.35753992070495,0.25181802528252,-0.386640556343959,-1.4378513798045,-1.14351551455281,1.4121605289258,-1.88309600917129,1.69039990060809,0.291378473681375,-0.508671190830387,0.381654924044349,1.11970151415972,0.922318777990861,0.0560613785557718,-0.807715428572838,-0.833623739927518,-0.2219911314036,-0.329217935264654,-0.150716932136543,"Low yield"
-0.769743844713618,0.728103995810467,0.613606310345448,1.1064232373861,-1.16997816464378,-0.252340875855939,0.188204645507763,0.929471840044505,1.70905239757985,0.312460040535854,-1.38371843935963,-0.945749247715409,2.11315924285444,-1.17392572571452,0.24167411631507,-0.201742520904705,-1.20229783077538,0.350317936267522,-1.17120489643466,0.0184216221010593,"High yield"
-1.23410204303523,1.39098143830834,0.878887734310177,1.20642041112826,0.543474498869902,-1.54916363687369,0.770914966209961,-0.779817707344855,1.66824225917142,0.340552098119173,1.51302749564466,-1.17502246946325,-0.681323141693867,-1.28458619224871,0.0802694864676974,0.489506229412092,0.809549849653912,0.345982782504125,0.574450567171283,0.156650577941344,"Low yield"
0.362959136200956,0.792597295532354,0.768637829993743,0.0330888423266184,0.982561395442908,0.568090719586366,0.28013434361762,0.908601640409519,-2.30303505263216,1.28329858606569,1.37100985492181,-0.761488967742331,-0.418215288857706,-0.429821124660323,-0.0281317584855652,-0.121058920179176,0.188246193235176,0.716361415824648,0.269850574336947,-0.101420045121779,"High yield"
0.510967677563317,1.082296493356,1.04213987033316,0.829180471890554,1.22280480596952,-0.517716885426077,-0.410341235937719,1.85505105445394,-0.231178857843253,-0.511936247372307,-0.298909214155788,-0.258525851004825,0.316573883043856,-1.09222938014443,-0.117974971170344,0.816170010090586,0.214685486237828,0.331445594699984,0.626880294329647,-0.280335959840121,"Low yield"
1.33738975579007,0.797948236928276,0.475314748322512,-0.063558064279404,1.11829378068554,-0.578851177461718,0.997145414687939,-0.891607418491321,0.311584131751686,0.296038725583555,-0.517174267796992,0.290597692038567,-0.0489622623860139,-0.776084204911487,-0.272945985424451,0.366437858761951,0.0134137050749189,0.819396545010718,0.744965265795543,0.177415045214594,"High yield"
0.662439593319308,0.504258242058274,0.535030910531913,0.152010698111779,0.565147354806439,-0.0291968722689875,-0.233134794328637,1.20759342936912,-0.150601182619385,-0.599109105441911,-0.640535165536661,0.121350420961642,1.02465234198392,-0.966809849061446,-0.232744897923183,0.407461151963866,-0.553727046212407,1.11890723303118,0.483618301076333,0.0855547862663345,"High yield"
2.38939848257035,-0.118040282457423,0.865368056356261,-1.40600268676514,4.30007968273399,1.00721494112415,-0.548113627362347,-0.075048562422302,-0.511849906303647,2.71034598236477,2.382237894481,1.45535052728207,0.152693364749804,-1.13741869026509,-0.0293055184492673,1.78798788753994,0.59835575949242,-0.431174325560636,-0.0253363009374325,1.44037990471545,"Low yield"
2.91857502277746,-0.273388266749428,1.38909043064694,1.25132244288712,-0.170209100836523,1.06009629896659,-0.674676498980784,0.504090756688383,0.152788804982969,-0.557671793704105,-0.677729109131025,-1.00707137808737,0.188666386346812,-0.304789454504233,-0.980174448533006,0.610718427703933,0.593625777563049,-0.239714043306014,1.13704264953644,0.903389759613066,"Low yield"
3.13846949709034,-0.29849907883338,1.0793073855019,0.704270397353338,0.585230690946407,0.795772669962817,-1.59787991446862,1.62057287998898,0.453922924040724,-0.444406198264029,-0.837779782080299,-0.971209918319638,0.437860232756065,-1.04759244924341,-0.82925448577299,0.640012105734598,0.0605730101217166,-0.42939505178739,0.0610724031398066,0.161552810069257,"Low yield"
3.34600606540804,0.880800638679472,1.63900634306718,0.516341965995779,0.784163223194992,0.518859479490786,0.973944063465604,-1.51548404943765,0.598744127135525,-0.0571356425372627,-0.788837039208152,-0.0828248720372456,0.684832646227187,-0.0809056655313841,-1.44559881871613,0.257154576115121,-0.0701799000932701,-0.0956999953037522,0.212727835437124,0.213142800194326,"Low yield"
3.45190040038284,1.47804028446866,1.67416167786319,0.209031840685372,1.30483990554509,-0.911961576030172,-0.371935241801683,1.37705439455915,0.362365388751821,-0.245803192505068,-0.315753216483066,-0.0401550276336696,1.22116525749388,-0.509325064045851,-1.15533540063236,0.262081357702709,-1.07014458863296,0.0155217975978398,-0.135467533038371,0.325950655396673,"Low yield"
2.6221319119184,0.867644922171555,1.19349516307264,0.416115083315433,-0.334003225279632,0.094292951442505,0.658903584242644,-0.795449948385172,-0.905744655314699,2.30076947629082,1.07877841853504,-0.224803229706133,-0.694927879030467,0.235685679351998,1.6045623095961,0.391117577995618,0.174326301855299,-1.14557148847633,0.218783916965039,-0.655045273658053,"Low yield"
2.28733666402311,-0.0660912388352654,0.23060001524101,0.437152783393487,1.12671907941687,-0.854271258382777,-0.718600995456892,1.64535085813772,0.381088979264738,-0.169412346198192,0.36297640492138,-0.0191976575817045,0.279704825535088,-0.7179388180086,1.94953685077083,1.28527603646681,-0.169706951194031,-0.0965369873215627,0.307154668697932,-0.63260137355421,"Low yield"
2.9386802624019,1.08737118021862,1.13550408635375,0.421883408840236,-0.37502143848589,-0.614610535946991,0.857101899898323,-1.00570880882654,0.16504044404196,-0.128998745848528,-0.639526561796579,0.570445377940972,-0.150120103587553,0.30623155244043,1.57865681431406,0.474800115838575,-0.0402077967350149,-0.316224262904296,0.579273363105309,-0.351541468516099,"Low yield"
1.73124368568724,0.650931598372764,0.367509936656578,-0.0203961107610255,0.119146105518728,-0.570631636434997,-0.794287087899967,1.65289606840884,0.596611458421371,0.117062076395886,-1.26503960101257,0.410017470228279,-0.240048912888923,0.859366079047605,1.0899029232618,-0.212679321190546,-1.50019350646269,0.138086926324079,-0.262378835343823,-0.0139223528089723,"Low yield"
6.15318599353229,17.5480620159386,-22.8286054590017,5.55529795443757,0.453127907381502,3.63125802669021,-1.82461055310716,-0.990189967337369,0.0685674831106504,-0.780795513409375,0.693965660440565,-0.26566610997387,0.337831583949922,0.18695507649633,-0.0280417030318442,-0.110338575037963,0.308682203441168,-0.19575385860374,-0.0790473918049333,0.310122426886425,"Low yield"
1.80584844351803,0.613309574898961,-0.0955126248494686,-0.448124839452845,0.1808210599886,-0.362730355359376,-1.00789385238298,2.23794088302259,-0.539755955254139,1.14491132353437,-2.31964550687553,0.116410697511341,0.380640626913184,-0.453883642760019,0.937466835786258,-0.817452568118323,-1.46357671761244,-0.894387580925401,-1.02817344896255,-0.474161425945131,"Low yield"
3.83586187149124,0.193612191413447,0.491916513185414,-0.338034917519715,1.49587055600129,-0.989662184239221,0.876792744635363,-1.63416008031523,1.61975439171496,0.487110648807571,1.0637532262137,-0.334864826939419,-1.64699712218609,0.546476445137144,-0.119760054934721,0.547006374187736,0.637052172173318,-0.449822872472795,0.0817972553090945,-1.00481034011685,"Low yield"
-0.264880252468317,1.53440516981052,0.672564054803363,0.656736927474057,2.31076698617842,-2.16832180893041,1.02472293556182,0.691216981573279,0.554451550245814,0.467126940919168,1.07462579305472,0.84484951513792,-0.459671933311968,-0.555574700372381,-0.232005901777174,1.03430214622259,-0.771002461182488,0.890185835370177,1.73466657842425,1.79151872070463,"High yield"
0.182771711726908,1.86650168353641,1.24926545135384,1.56683572785048,-2.16216668982738,-1.5029022345881,-0.44110592198162,1.34547649600607,0.0590293104617133,-0.895145791564776,-0.552800708661912,-0.535354914798257,-0.0777182299179893,-0.281123481133772,-0.536569670811089,0.0308069660052583,-0.146461350855348,-0.545202512407214,0.4416049463478,-0.515366854179255,"High yield"
0.154887965548717,1.81151309836722,0.786576189606423,0.8718861270281,-1.49737961449518,-1.38257522385154,0.649297448346651,-0.225040025538264,-2.00282482755411,2.03532942340524,-0.100266070279118,-0.381238749843961,-0.699479989963529,-1.0680021646239,-0.264235914647334,-1.0996436485264,-0.633440085422738,-0.959062168092806,-0.0666636245432496,0.252969302487751,"Low yield"
1.18954953684059,2.88940163447614,2.10775487288182,1.74326773351931,-0.867578483037395,-1.49748013857415,0.748914114954782,1.71176258960968,-0.422803583798976,-0.756755238003321,-1.22117090035399,-0.0707935845072826,0.719289238332551,0.0421637037576008,-1.2464719038223,0.149740611964125,-0.404539813364555,0.150476542955799,0.225877215995414,-1.1649953449703,"Low yield"
2.64701329943324,0.590536183526995,0.260399539623553,-0.0512693975780497,0.675546756802851,-1.99941602884378,-1.00616673893461,1.53986599365007,0.432447694391562,-0.681187682488191,1.62534368258645,0.766006260663003,-0.83830563573691,-0.0675310111317539,0.267373693067982,0.540561761567221,-0.343226085341135,1.90903774518978,0.187774081649359,-1.24584131366236,"High yield"
1.14818520860772,2.3655223266459,1.59791339316514,1.02451149870436,0.36471862325394,-2.02119370243359,1.63004298015386,-0.690533880565435,-1.51302597127387,-1.05863421172296,0.204117495005759,1.31125394640194,-0.954310318248387,0.294474714982574,-0.254644634600978,0.178307829422911,0.137325763577951,0.803946892868284,0.591316391765297,-0.498263185382881,"High yield"
1.01946275304352,0.376515874792788,0.804570014074192,1.11350274040994,-0.681413467685616,-1.08313338280608,-0.700121180534842,1.11962110713157,-0.244994509349201,-1.54057813881629,1.24699776564997,0.110125904456359,-1.34072641198034,0.128172647062568,-1.29294831383394,0.480227680626683,0.402215714726219,0.900012521314265,0.416097687872778,-0.71324486583824,"High yield"
3.76086087228311,0.0528157994758645,1.42359380820011,0.654605892317677,-0.144117699274008,1.21335983215764,-0.391100106036816,-0.0335756151009047,-1.12371527439688,1.70526157365133,0.953768394201327,-0.735017141059926,-0.618435000567346,0.152380419337328,-1.00834263866478,0.0526859755988558,0.277196252826411,-0.0294986373799685,0.720972968451947,0.0208556225948211,"Low yield"
3.71370541677365,0.0789072135118309,1.06498724869757,0.547959086617096,1.22693779272661,0.338557082374455,0.457873196034328,-0.136184623312569,0.145091376001965,-0.653916375492964,-0.542656335515165,-0.932253826885852,-0.821883850688647,-1.09916276099548,-0.245857921682775,0.308241841727404,-0.276092722290022,0.462554913100112,1.41022995160637,-0.673323111952929,"High yield"
3.98869099453147,1.50420296863442,1.93130468995818,0.665702719567083,0.873258770505452,-0.188858108293204,1.42873486809309,-0.779156844195684,-0.434105120619705,-0.663867043033404,-1.1739846336044,-0.484136038079795,-1.08869582188468,-1.23865149819499,-0.490207097285324,-0.0848883367788312,-0.454578367487918,-0.2128109111156,0.917463470769074,0.487639500303956,"Low yield"
4.69340127245078,-1.18710735242486,0.750473936946247,0.354074002399454,-0.056939332388297,1.44415724104765,-1.31996880101399,0.832634010342024,-0.253847505872696,-1.32728208400866,-1.72553015919561,-0.696242755795241,0.380162173531144,-1.29000259627837,-0.454393696087629,-0.192525714374786,-0.677586353256883,-0.106169401922709,0.721090642825859,-0.138548839666704,"High yield"
4.41929264742685,-2.06164532640657,0.0142368878561823,-0.63201302269039,-0.750178584461011,1.50656575020889,0.250557716914209,-2.50103871608105,1.26652319806293,-0.41726830141594,-1.74160171538785,-0.982554178542071,1.18847420363586,-2.60472456364293,-0.11662917397502,-0.736763820961472,-0.163955587252074,-0.0379913185113515,0.643410880339453,0.82761722462214,"High yield"
1.39176647197708,-0.315653413398157,0.473441604153939,0.590106607233497,-1.93050457755732,0.725298199920917,-0.394845690754723,0.261129355903329,-2.40212218561786,1.99769403964882,1.72425102822141,-0.374807019827007,-0.655406631332024,-0.481897779330817,2.46947967227952,-0.0382029569854274,0.0214878814469053,-0.403478895677237,-0.371429756977876,-0.994500275053546,"High yield"
0.947916230839846,-0.680167753516525,-0.397183581245416,0.232090510157918,-1.76461955269596,-0.340719061358808,0.588547259150639,-0.480373739935261,-0.878670876127671,-1.29077446682731,-0.682740053503741,-0.0915323946651691,-1.07473981176666,-0.933085800154846,2.31543353810819,0.131058383591392,-0.170844380298317,-0.0208782325622304,1.31410636696728,-0.244485468381854,"High yield"
2.3287987003194,-1.75269462220293,-0.716760445548904,-1.36502366923031,-0.992636190252686,1.48811863652497,-1.02197580784055,-0.58852254819193,1.63589075059561,0.20291776686308,-1.68949792174192,0.919117386925305,-0.818064826457403,0.291724102920707,1.38584900804142,0.440761288072196,-0.746759465893667,-0.570691705731058,-0.194239782810343,0.0904735643395301,"High yield"
2.06117792769385,-0.733906924984593,-0.0820303098886077,-0.493700923150307,-1.75775601210494,0.880727793128024,0.167151439447768,-1.64206282998122,0.339417008717923,-0.242534269947881,-2.02059884552359,1.03403634706992,-0.579136826597743,0.47972717214866,1.20250419267189,-0.00329264748148622,-0.764066499874535,-0.588625865741533,0.169019152242468,0.337410570562458,"High yield"
2.63180724377333,0.693870887160163,0.732158136802443,0.51593084249961,-2.01569577712729,-1.08103745344995,0.577177266340532,-0.580300352797406,-0.362911019756207,-1.38059686881361,-0.576393675189359,-0.0438722619362473,0.579746008749699,0.439100176294914,1.09192373007873,-1.16893132446594,-1.27030978501716,-0.186476732638896,-1.96258040315475,-0.89431160448782,"High yield"
2.45597153190564,1.07552650469037,1.21437863821971,1.01114955695994,-1.27030713586909,-0.882459961530401,1.28249370289378,-1.10701339482166,-2.30586614372538,1.7098229727685,0.894627244802466,1.30718782603634,1.80455591437251,0.180805906719221,1.00110796128611,-0.756757783096794,-0.239635475461792,0.999710577675494,-1.35393075901377,0.291635521880176,"High yield"
2.15769948937052,0.124001880302303,0.658515787501629,1.34845368530395,-1.32215749044994,-1.58733737444107,0.601253109483719,-0.563582672730299,-0.698146818149755,-1.9325954723301,1.7458291234079,-1.10678653449121,-0.939202524613014,-0.205735142019394,0.69718580419295,-0.253502339886948,1.23826049785247,0.324129302930131,-0.26666330655646,-1.6849245404762,"High yield"
0.971276649111198,-0.697888351673274,-0.450387738503118,-0.478583428383236,-1.7716824826301,-0.995628965575452,0.438268519078891,-1.82883235679071,1.3836150255446,-0.166831338302725,0.569618334279214,0.364691870769964,-1.64382821096586,0.69844066122931,-0.625213814190989,-0.343452800320543,0.31191905082694,0.517221513112348,0.345753181614307,-0.353247479412934,"High yield"
-0.272166523681274,0.732719686013066,0.922671718005627,1.10887812151578,0.236648233243781,-1.69052553761901,-0.611237733075548,1.45664463930196,0.0279753459682966,-0.607345211669986,0.0937802929027551,0.585000944036091,-0.41958430852853,-1.03612799716203,0.142803117427849,0.0573551552480559,0.027470791657611,-0.539570052104271,0.444910515935739,1.498328608662,"High yield"
0.26559151516635,1.18022200163336,1.52704358513845,1.67859255897786,-2.52837459265259,-1.19625230695949,0.611233150929579,-1.33136886554898,-0.323856303865017,-0.562088887708397,-0.808266658125691,1.12511921304456,0.262458955261877,0.768832777800085,-0.750691271557468,-0.463627729277441,1.43038410424389,-0.809681001159516,0.34068119562224,1.12156076723247,"High yield"
1.68198180767752,0.103210500741485,0.836486433528537,1.14255717896855,-2.01035015175381,-1.28562105859407,0.418151684118446,-1.3452284179221,-0.443118658396628,-1.4532737040626,0.900218853529664,-1.15764539017017,-1.03925451268517,0.0462633717556865,0.248498893028485,-1.13926942872166,1.51871629228212,-0.19377572956452,0.585835372751963,0.662509975134301,"Low yield"
1.33379008696417,-0.799582245525412,0.0977068715112892,0.348138894599849,-1.70949346032894,-0.774015145252834,-0.783666897449184,-0.169378247711217,0.904827463016115,-0.83819174556054,0.603457384679766,-1.62118058294071,-0.30447512503694,-0.49133744375526,0.312601325719028,-1.29488321255717,0.632752805954234,0.113247756425704,-0.0710347821969141,0.643113179308105,"Low yield"
6.03288024831644,-1.27063820102134,0.399197764179203,-0.69750616650629,-0.0746756718473047,0.459461370316204,-1.03677985848412,-0.169078581647604,-0.40676325925725,-0.956230768535835,0.394748150404886,0.485210855878643,-0.467992116784532,1.70413755594649,-0.918423250594533,-0.30749356285642,1.09470954803331,0.680727342581729,-0.328120830508372,0.581131818097562,"Low yield"
6.11540832441032,-1.99986641325662,0.202013643330689,0.0234458926965552,-2.06049758057347,1.08280560714656,-1.39011567308424,0.720688552516181,-0.667309501917451,-1.72982977214457,-0.641941869636004,-1.06580002129796,-0.0106942227312362,0.856345205425125,-0.336034307727852,-0.80700250015135,0.373452810568216,0.550612405734185,0.339102913499755,-0.123614316456032,"Low yield"
5.95361843102234,-0.361649279880371,0.832616016708066,-0.943896317281048,-0.070128800574732,1.22879711194641,-0.28867060758081,-0.56882498887121,-2.29560116306261,1.21102396858696,0.461218254051392,0.25099935455102,-0.0845109872726037,-0.299727978798756,0.0245582459157398,-0.720426946572225,-0.0270276879779919,0.550999654784162,0.451341147035353,0.533154842905702,"Low yield"
4.36850420235955,-1.16247334772004,-0.45872343651,-0.619054294037959,0.419167834061389,-1.95580717938518,0.185827791980013,-1.65837078166833,0.781873940899256,-0.367577371294057,2.39351723944105,0.926448439305712,0.141308111492155,1.48082319114668,1.64008208596475,-0.610365908402127,0.731307255776623,0.189180060568311,-1.58698792738096,0.28202201418714,"Low yield"
2.66003649525039,-0.267696455630286,0.233349224489738,-0.595690853542946,-0.000391895835675626,0.418175760629689,-0.0746313602132167,-0.186260690011174,1.75266499755438,-0.126279956608586,-0.389220248757335,-0.814462661315133,-0.847779082280983,-0.367301819557223,2.33207232476288,0.0848054570148867,-1.17811935659455,0.0222974308177343,0.240206142355455,-0.541170896837316,"Low yield"
6.52055117471279,-1.7864898967107,-0.109165912529582,-1.55506070799588,1.97233013455613,1.24681906833744,0.244634010663113,-1.92559174221976,0.797869152505513,-0.613891672371179,-0.19835203391828,0.40314058267627,-0.774518502066202,-0.00155100783346782,1.88952458528987,0.082383409914514,-1.46275898665032,-0.404453882559128,-0.897333944888656,-0.304618154108487,"Low yield"
3.70257682670247,0.291956540157794,0.742999716969056,-0.229354104249025,-1.86120746486055,0.701444771751811,-0.154544248561785,0.410589274965828,-1.11454939221759,1.77532194748777,-0.172026623061462,-0.480245426234445,0.326464932930031,0.152281968660987,1.88903875436406,-0.77218588651269,-0.711181616250576,-0.191181220254879,-0.439432912408402,-0.633269666527166,"Low yield"
1.85242560287501,0.0822606709314919,0.188520242879439,0.0498708666994528,-2.18920816177181,-0.293375416923301,0.451999681032791,-1.15192778454451,0.473202625014179,-0.335437183009804,-1.27908411146856,0.883344725705122,0.498877572552513,-0.0258139128434707,0.808903895102066,-0.263348900347425,-0.714117006237792,0.349512419197385,-0.183798276007884,-0.0105561578440255,"High yield"
1.94983780612455,0.016256744451089,0.0508611354260609,-0.469920993061467,-1.97305317311014,-0.147995017470078,0.303537609325551,-0.581316948950259,0.758934985642947,-0.412225999911184,-1.52644213351745,0.873674206559341,0.800971454092557,0.0602133099662644,0.642176313133914,-0.456956625753178,-1.39155383316192,0.4645446803448,-1.03490904597963,-0.536730842286041,"High yield"
1.5090782146149,-1.29355564540575,-0.472490578257657,0.37190891607806,-1.70816588688113,-0.927748582886328,-0.652370138515209,-1.22160966624661,0.355939225658214,-0.635934429054789,1.45622381428097,0.38026248782938,-0.977181777250818,0.400687559536373,0.0817100234012949,0.0995758696998875,1.79140110125045,0.297714020162934,-0.0130401077689266,0.482287407487173,"High yield"
2.14361902097596,-1.25906891958727,0.116055581854763,0.259326195075178,-0.92632796385904,0.470208803943506,-1.76886848962869,0.276058125158244,-0.800186187502968,1.70515117291236,1.38038502888018,-0.724782834756184,-0.777886503181397,-1.02690769015411,0.664387935419113,0.0827963374710236,0.0338534263532666,-0.698603313449355,-0.39094655004282,0.234951518989433,"Low yield"
2.72964871568481,-0.718738550998263,0.481530469078841,0.476752473989889,-0.581942433464579,-0.0827224808703186,0.196716456979041,-2.07942696820526,1.17075274127111,0.192936942624289,0.0708528558250444,0.918600062763575,-0.359202162844879,1.2598375427826,-0.98432669466118,-0.000691566394361692,0.799830303828567,-0.268629383102603,-0.720513009551589,0.575912581813,"Low yield"
1.95654003524167,-1.82852377424713,-0.284942334692521,1.22289181592346,-1.07126082908632,-0.172502579162944,-2.56917057493917,1.85380121761828,0.423592059333602,-1.0774146719467,0.499531970072079,-0.469380602255235,-0.217548625159666,-1.19174681533148,0.750911656406164,0.485061622074423,0.345919122016241,-0.00844550792142565,0.14488125504582,0.292369152816797,"High yield"
5.76696904711743,-2.17223355702523,-0.221423280624363,-0.647990738361612,0.757105529535301,0.738340632864776,-0.970574160509059,-1.16356406979999,0.167154241531245,-0.878414783647019,-0.0243511232298112,-0.134069802363868,0.295368898826534,-1.17199951204375,1.29464434314474,0.246908748707467,0.399127356181386,-0.846868482473295,-0.59128502354251,-0.35967745269178,"Low yield"
7.24166032911165,-2.98624377844653,0.0360204279437088,-0.611610573121326,-1.83703874600341,2.77710161939083,-0.994144609028972,-2.19191835719119,-1.05834523930567,1.35851301323897,-0.383484743614842,-0.599661008712898,0.769953692618271,-0.281883072580979,0.518941028786334,-0.98810428832765,0.317625005923886,-1.43633211870075,-0.834761673728352,-0.151890104538995,"Low yield"
2.99266437503492,-0.896064936077044,-0.15486551586023,0.360860547162462,-1.27709443299915,-0.487462629202807,-2.11666870013204,1.83055246645576,-0.398939964410349,-0.711090442555343,-1.51197863271676,0.441628566120076,0.837425011536442,-2.06364623289248,0.537737127447363,0.389944832725023,-0.094455624392887,-0.489343799523442,0.57896582890231,0.307143713858104,"High yield"
4.23854401963186,-1.06071244727523,-0.310491263431252,-1.07291233418301,-1.90649021362411,0.749343348242387,-0.016208325958698,-1.95033738315428,1.03979501309682,0.278583128022468,-2.12440334180956,0.915232141552738,0.500772639210169,-0.204292564385088,-0.679146838137478,-0.0996573370503148,-0.250972123137187,0.276472813423291,0.652141149649197,-0.230468674075737,"High yield"
2.43446395161754,-0.95263837318933,0.682787916165188,1.27994094184084,-2.86748821174721,-0.800274036416755,-0.693247318804811,-2.37691763285601,0.541094858837023,-1.29625085258702,1.1941033413031,-0.635367028779542,-0.573233523960649,-0.0682231982386969,-0.0169036722788818,-0.826461513954745,0.830164033666974,-0.583220115800651,0.62392803569072,0.987508121548364,"Low yield"
2.27269185005152,-1.2053091901462,0.531132672744427,1.04678780721306,-0.0338906309762154,-0.822658628959858,-2.21697527616826,0.657838314638263,1.26444667150074,-0.383738730274275,1.8944442091415,0.232498099168702,0.559968831092772,-0.230408069929708,-0.554348075350074,0.214028631955807,0.463732259304691,1.06935604447188,-0.380077063356551,1.75465008474772,"Low yield"
2.64611059536153,-0.565699113394583,0.526197775624347,-0.107453511444519,-0.619656541780419,0.331119181718657,0.0802783140976411,-1.97232161063192,-0.135693965203786,2.21223627143727,1.83571446058579,-0.0189052269848284,0.299900083849459,-1.02452264559611,-0.2918452428022,-0.401702871508118,-0.154578540346226,0.586605736017558,0.827794284000659,1.26350964115435,"Low yield"
1.97628350650466,-1.09002708132107,0.55392546928503,1.66751504096537,-1.4107267906161,-0.3931945434829,-2.40515174714907,1.29724542602346,0.258385306435204,-1.01108377874204,0.164560441563929,-0.596088138196256,1.39102761540792,-2.0160877131019,0.160945247100241,-0.150851227102302,-0.0273709615986651,0.499995843308305,0.706140686977795,1.65141467648084,"Low yield"
2.91281582507601,0.210979264649099,1.2421288743303,0.984359602236452,0.256897229774437,-0.141694394503116,-1.43813283574487,0.647863873067222,0.998778005758344,0.316784189813375,0.374296303662857,1.84979162107046,0.399514967519698,2.30171929854473,-0.153960122632564,0.889354443485732,0.455763585492631,-0.134668870217579,-2.26650783833738,0.537619427777413,"Low yield"
3.15457954907429,0.525679997893842,1.23491902071888,0.0497337312183247,-0.954266753959399,1.21850329171781,0.773657477725968,-2.07181950844727,-1.26866418874429,3.64994996864772,0.880492390288736,1.39343822548224,0.152694728436106,1.21081751424728,0.312295999049335,0.18160992124932,0.0566541282862456,-0.207641945931398,-0.986246825438947,-0.305371292333239,"Low yield"
3.2138185310062,0.116405559658449,1.12123577893343,0.628094582733943,-0.50420863859174,0.248841218375721,-1.04123327254335,0.92158686319496,1.05386589290608,-0.346755990876225,-0.663307873177233,0.655579848158886,0.300668904923912,0.336093579280073,0.395102631700652,0.654500559566752,-1.39828799953257,0.672354184946343,-1.25651720668237,-0.771549558645937,"Low yield"
3.18617125056672,0.824944778593516,0.658684277661334,0.363517335412698,-0.841768861887726,-1.64178153037863,0.348134486053665,-0.755201984560556,0.0754494365482431,-0.189641727126967,-0.016933977396994,0.869169216221011,-1.18868794133082,1.15089798196586,1.18259486216559,-0.232072605238761,0.00875931226823141,0.411254678424894,0.558378292419438,-0.636269361365415,"Low yield"
2.30598985932334,1.50100239754177,1.56973941444271,2.26395368718679,-0.791120904753464,-2.15845959157637,-1.1263189874551,2.38616591082057,-1.16781868840118,-0.741247127729485,0.0503985791430831,1.03934134100082,0.704537401543469,0.973757521210707,1.27590764680523,0.328815203054419,0.372691562061106,0.400114277826759,0.368856336764251,0.00443128466416651,"Low yield"
3.04895216796412,1.75406623472689,1.51944701703387,1.07872024319633,-1.36097317158202,-1.28503081897814,0.906975773105452,-0.494743760792662,-0.382599565902883,-0.309812102325075,-1.2933352098613,0.795415804315757,-0.230667347335592,1.31435807340288,0.637860525998117,-0.635746131026506,-0.258735502580908,0.423043363056917,0.682044499015613,-0.569071131690275,"Low yield"
2.73383275997287,-0.22110148066418,0.298213163481989,0.306087980535837,-0.717612155944481,-1.11533835589061,0.934192278582893,-2.03202621758058,0.811662409448675,-0.188634767882605,0.430520603513131,-0.132490236025561,-1.59914961214111,1.28216746975789,-0.595807652215757,-0.697381322424101,0.787856959289738,-0.131423168902538,0.451252395867285,-0.41269139259867,"Low yield"
1.12229426582916,0.259913335970718,0.606879216817527,0.571774741921133,-1.33945645104022,-0.876477878851,-1.8532143784275,1.37711620843943,-0.0339308141931747,-0.873918480798179,-0.0591233450381726,1.17590203306977,1.92959675851059,-0.523651185601358,-0.460255299356774,0.0254457782334645,-0.120058305606039,1.04924000397929,-0.74468652273681,0.620115127009198,"Low yield"
3.30380918711697,-1.02896386098332,0.364642003031691,-0.379680399280159,-0.649106829560421,1.40643818848965,-2.0266573315961,0.594753254355882,-0.970618459969484,1.04595593735859,1.87760695835885,-0.508230056099652,-1.09205638481983,-0.760654680968126,-0.96097274572239,0.181631293934031,0.629880661268552,0.695167204569957,0.266293606718417,-0.798778206604192,"Low yield"
4.82222428866063,-2.88379563000255,-1.14658998286885,-2.01316426373004,0.68567537229487,1.52878100859909,-1.7354543279971,-0.431906521025337,1.50919984880799,-0.142136268343527,0.249318190646713,0.0460145715219476,-1.56901264634484,0.890491000054051,-1.92889296070571,-0.318096929484526,-0.298913737467003,1.7795294796179,0.441389321460082,0.658088791795887,"Low yield"
6.03502139867798,-1.59266649838593,0.460815379044581,-0.690607225023307,1.20947165162664,1.41296645648497,-0.657046226245866,-0.898706851467565,0.159222838294335,-0.860214955314079,0.0643456631118196,-0.000414867591805054,-0.477849897429828,0.699978825582397,-1.12305600052264,0.0446981083780043,-0.112755120135982,0.96330847331801,0.331569751307005,-0.2702284825415,"Low yield"
6.04028706182304,-0.953443055586363,0.982526621219593,-0.383089324319834,1.01429761558397,1.44815387328668,-0.94274485447822,-1.01743737519215,-0.127837009261085,-0.759339225892055,-0.717298952078697,-0.04724235845103,-0.62034527674413,0.625592064641096,-1.35599467853708,-0.611322804948679,-0.566452080134895,0.341758674581927,0.00483293726577245,1.1650512978574,"Low yield"
6.22140539493484,-1.79437852444194,0.567627541920469,-0.826550596000303,1.10909776970916,2.17347210297291,-1.28081762220107,0.0227039627432293,0.609303985530219,-0.620710822210757,-1.00386870268483,-0.188165564568948,0.21675966967333,1.21969119269817,-2.05017781661012,-0.617070056020005,-1.05711875592544,1.06386404164054,-0.583328933425161,0.470547929924118,"Low yield"
-3.33777977014052,0.71954694033679,-0.538718630363905,2.69787557620113,-1.52370787260434,-3.97208163643692,-0.991090320280788,2.62120569342647,1.68122032799669,1.11004784035043,0.567664185582761,1.33733630424471,-0.676210339102307,0.579596103779619,0.630842615633097,0.15782546760654,-0.113251180085421,0.51114658185803,-0.885705330930726,-0.057781454528202,"Low yield"
-1.7242232869735,0.02344177218638,0.0634678810147044,2.43398397934834,-0.985036345330582,-0.914573913515033,-0.437008400249077,0.935019655293658,0.619602603765324,0.775158652976446,-0.983601514991635,2.94043505011407,-1.51311334692112,1.60229323150289,-0.300076395614464,1.53233135056509,-0.416427181585164,0.851203102564965,-0.366190890517211,0.091471614926809,"Low yield"
-1.36963608284461,-0.511808411718216,-0.777279502778048,1.73200956108257,-1.82116776867315,-1.12931295415792,0.31218370726605,-0.00277959958379512,1.10213447031499,0.69225920539901,-1.6180075788848,2.36296327545166,-1.17381391183736,-0.248294782373144,0.406679744892522,1.69001059419481,-0.827620740589477,0.270366616018642,0.271762585748034,-1.9349771577921,"Low yield"
-0.577208054290956,-7.70879650513732,-4.10265238604587,7.01231109326734,2.42473697483943,-0.992464032453858,0.991205108278812,1.37750708390375,-0.715654967532893,1.45100678250938,-1.33879658419651,-0.308102699416446,0.873790009244546,0.509613096382913,-1.21176593700076,-0.88782143636068,-0.81309678403483,0.217320124923536,0.166648164482635,0.466045420228092,"Low yield"
-1.03690727462881,-7.71390003301607,-4.12990961333758,7.16401834727198,2.18094922412873,-1.20231054629359,1.94011264929872,0.172841019093227,-0.921545344876303,1.14610908948533,-0.453757608081761,-0.230489660669585,0.0719122034191202,0.565358311315797,0.428643869250498,-0.136059029870478,0.0633417188702392,-0.219930284359173,0.664816100693857,-0.857055140271071,"Low yield"
-1.97364970934132,-8.82317899957815,-5.37496608068481,6.18305568411354,2.5879434657527,-0.814812164441392,1.93954886686457,0.23408181040994,-1.51616135941681,0.562846710427997,-0.0921107671079232,0.10820083090368,-0.409461908995905,0.783639735449662,-0.519277360738124,-0.368227273335229,-0.437040007466483,0.484615102032812,-0.152072071981208,-0.62686354391557,"High yield"
-2.52727576567348,-9.09117768481638,-5.27843364310507,6.70615313728068,1.66389476540219,-1.10237398910002,0.338218716434113,1.35071973258668,0.563471438432655,1.17795424961026,0.168406459161196,-0.432592399930987,0.738705578470292,0.140725243396497,-0.456866422158868,-0.439366792042062,-0.807281045261255,-0.399342142598694,-0.949811310641748,0.171053346615556,"Low yield"
-2.86823680650573,-8.44798029258791,-5.10190813925187,6.75181768904016,0.941352569779075,-1.14546070651042,2.53433113857697,-1.28763100712983,-0.646811429830124,0.965737444273234,-0.354692209666664,-0.0423373480156288,0.663444286201076,-0.082405306020018,-0.0863223613408006,-0.428581224948124,0.488486277666194,-0.687835452490753,0.49296026451615,0.0409988221102464,"Low yield"
